<?xml version='1.0' encoding='UTF-8' ?>
<timeLogEntries>
  <time path="/Proyecto/PSP Uniandes/Student Profile&#10;/Proyecto/PSP Fundamentals &amp; Advanced/Student Profile" flag="R" />
  <time path="/Proyecto/PSP Uniandes/Program 1&#10;/Proyecto/PSP Fundamentals &amp; Advanced/Program 1" flag="R" />
  <time path="/Proyecto/PSP Uniandes/Program 2&#10;/Proyecto/PSP Fundamentals &amp; Advanced/Program 2" flag="R" />
  <time path="/Proyecto/PSP Uniandes/Program 3&#10;/Proyecto/PSP Fundamentals &amp; Advanced/Program 3" flag="R" />
  <time path="/Proyecto/PSP Uniandes/Program 4&#10;/Proyecto/PSP Fundamentals &amp; Advanced/Program 4" flag="R" />
  <time path="/Proyecto/PSP Uniandes/Program 5&#10;/Proyecto/PSP Fundamentals &amp; Advanced/Program 5" flag="R" />
  <time path="/Proyecto/PSP Uniandes/Program 6&#10;/Proyecto/PSP Fundamentals &amp; Advanced/Program 6" flag="R" />
  <time path="/Proyecto/PSP Uniandes/Program 7&#10;/Proyecto/PSP Fundamentals &amp; Advanced/Program 7" flag="R" />
  <time path="/Proyecto/PSP Uniandes/Analysis Report&#10;/Proyecto/PSP Fundamentals &amp; Advanced/Analysis Report" flag="R" />
  <time path="/Proyecto/PSP Uniandes&#10;/Proyecto/PSP Fundamentals &amp; Advanced" flag="R" />
  <time id="1" path="/Proyecto/PSP Fundamentals &amp; Advanced/Program 1/Planning" start="@1486237012744" delta="30" interrupt="2" flag="A" />
  <time id="2" path="/Proyecto/PSP Fundamentals &amp; Advanced/Program 1/Design" start="@1486238949181" delta="131" interrupt="4" flag="A" />
  <time id="3" path="/Proyecto/PSP Fundamentals &amp; Advanced/Program 1/Code" start="@1486247062630" delta="252" interrupt="32" flag="A" />
  <time id="4" path="/Proyecto/PSP Fundamentals &amp; Advanced/Program 1/Compile" start="@1486264139950" delta="3" flag="A" />
  <time id="5" path="/Proyecto/PSP Fundamentals &amp; Advanced/Program 1/Test" start="@1486264325340" delta="73" flag="A" />
  <time id="6" path="/Proyecto/PSP Fundamentals &amp; Advanced/Program 1/Postmortem" start="@1486268714235" delta="3" flag="A" />
</timeLogEntries>
